Time,Day_of_week,Age_band_of_driver,Sex_of_driver,Educational_level,Vehicle_driver_relation,Driving_experience,Type_of_vehicle,Owner_of_vehicle,Service_year_of_vehicle,Defect_of_vehicle,Area_accident_occured,Lanes_or_Medians,Road_allignment,Types_of_Junction,Road_surface_type,Road_surface_conditions,Light_conditions,Weather_conditions,Type_of_collision,Number_of_vehicles_involved,Number_of_casualties,Vehicle_movement,Casualty_class,Sex_of_casualty,Age_band_of_casualty,Casualty_severity,Work_of_casuality,Fitness_of_casuality,Pedestrian_movement,Cause_of_accident,Accident_severity
7.42,Wednesday,18-30,Male,Junior high school,Employee,Above 10yr,Pick up upto 10Q,Unknown,Unknown,Unknown,Office areas,Two-way (divided with broken lines road marking),Tangent road with flat terrain,Y Shape,Asphalt roads,Dry,Daylight,Normal,Vehicle with vehicle collision,3,2,Going straight,Driver or rider,Male,31-50,3,Driver,Normal,Not a Pedestrian,Changing lane to the right,Serious Injury
7.42,Wednesday,18-30,Male,Junior high school,Employee,2-5yr,Special vehicle,Owner,Unknown,Unknown,Office areas,Unknown,Tangent road with flat terrain,Y Shape,Asphalt roads,Dry,Daylight,Normal,Vehicle with vehicle collision,3,2,Moving Backward,Driver or rider,Male,31-50,3,Self-employed,Normal,Not a Pedestrian,Overtaking,Serious Injury
7.42,Wednesday,18-30,Male,Junior high school,Owner,Above 10yr,Lorry (11?40Q),Owner,5-10yrs,Unknown,Other,Undivided Two way,Tangent road with flat terrain,Y Shape,Asphalt roads,Dry,Daylight,Normal,Vehicle with vehicle collision,3,2,Going straight,Driver or rider,Male,18-30,3,Self-employed,Normal,Not a Pedestrian,Other,Serious Injury
17.5,Wednesday,31-50,Male,Junior high school,Employee,2-5yr,Unknown,Owner,Unknown,No defect,Other,Two-way (divided with broken lines road marking),Tangent road with flat terrain,Crossing,Asphalt roads,Dry,Darkness - lights lit,Normal,Collision with roadside objects,2,1,Going straight,Unknown,Unknown,Unknown,Unknown,Driver,Normal,Not a Pedestrian,Driving to the left,Slight Injury
17.5,Wednesday,31-50,Male,Elementary school,Other,5-10yr,Unknown,Unknown,2-5yrs,No defect,Residential areas,Two-way (divided with broken lines road marking),Tangent road with flat terrain,Crossing,Asphalt roads,Dry,Darkness - lights lit,Normal,Vehicle with vehicle collision,2,1,Going straight,Driver or rider,Male,31-50,3,Driver,Normal,Not a Pedestrian,Overtaking,Slight Injury
14.58,Tuesday,18-30,Male,Elementary school,Employee,5-10yr,Lorry (41?100Q),Owner,Unknown,No defect,Other,Two-way (divided with broken lines road marking),Tangent road with flat terrain,Y Shape,Asphalt roads,Wet or damp,Daylight,Raining,Collision with roadside objects,2,1,Other,Pedestrian,Male,18-30,3,Self-employed,Normal,Not a Pedestrian,No priority to vehicle,Slight Injury
14.58,Tuesday,Over 51,Male,Junior high school,Unknown,5-10yr,Other,Owner,5-10yrs,No defect,Other,Two-way (divided with broken lines road marking),Tangent road with flat terrain,Y Shape,Asphalt roads,Wet or damp,Daylight,Raining,Vehicle with vehicle collision,2,1,Other,Unknown,Unknown,Unknown,Unknown,Self-employed,Normal,Not a Pedestrian,Moving Backward,Slight Injury
13.97,Thursday,18-30,Male,Junior high school,Employee,5-10yr,Other,Governmental,Unknown,No defect,Other,Two-way (divided with broken lines road marking),Tangent road with flat terrain,Crossing,Asphalt roads,Dry,Daylight,Normal,Vehicle with vehicle collision,1,1,Going straight,Driver or rider,Male,18-30,3,Driver,Normal,Not a Pedestrian,Other,Slight Injury
11.0,Thursday,31-50,Male,Elementary school,Employee,Above 10yr,Automobile,Owner,5-10yrs,Unknown,Other,Undivided Two way,Tangent road with flat terrain,No junction,Asphalt roads,Wet or damp,Daylight,Normal,Unknown,2,1,Reversing,Pedestrian,Male,18-30,3,Driver,Normal,Not a Pedestrian,No priority to vehicle,Slight Injury
11.0,Thursday,31-50,Male,Junior high school,Unknown,Below 1yr,Other,Owner,Unknown,Unknown, Industrial areas,Undivided Two way,Tangent road with flat terrain,No junction,Asphalt roads,Wet or damp,Daylight,Normal,Collision with pedestrians,2,1,Going straight,Pedestrian,Female,Over 51,3,Driver,Normal,Unknown or other,No priority to pedestrian,Slight Injury
15.15,Thursday,18-30,Male,Junior high school,Employee,5-10yr,Automobile,Owner,5-10yrs,Unknown, Industrial areas,Undivided Two way,Tangent road with flat terrain,No junction,Asphalt roads,Dry,Daylight,Normal,Vehicle with vehicle collision,1,1,Going straight,Passenger,Male,Over 51,3,Driver,Normal,Not a Pedestrian,Changing lane to the right,Serious Injury
21.0,Sunday,31-50,Male,Elementary school,Employee,1-2yr,Public (13?45 seats),Owner,Unknown,No defect, Church areas,Double carriageway (median),Tangent road with flat terrain,Y Shape,Asphalt roads,Dry,Darkness - lights lit,Normal,Vehicle with vehicle collision,2,1,Going straight,Unknown,Unknown,Unknown,Unknown,Unknown,Unknown,Not a Pedestrian,Changing lane to the right,Slight Injury
21.0,Sunday,31-50,Male,Unknown,Unknown,Unknown,Lorry (41?100Q),Owner,Unknown,No defect,Other,Undivided Two way,Tangent road with flat terrain,Y Shape,Asphalt roads,Dry,Darkness - lights lit,Normal,Vehicle with vehicle collision,2,1,Going straight,Driver or rider,Male,31-50,3,Unknown,Normal,Not a Pedestrian,Changing lane to the right,Slight Injury
19.0,Sunday,18-30,Male,Junior high school,Employee,Above 10yr,Automobile,Owner,Above 10yr,Unknown,Other,Undivided Two way,Tangent road with flat terrain,Other,Asphalt roads,Dry,Daylight,Normal,Collision with pedestrians,2,1,Moving Backward,Driver or rider,Male,18-30,3,Driver,Normal,Not a Pedestrian,Driving to the left,Slight Injury
19.0,Sunday,18-30,Male,High school,Owner,2-5yr,Public (> 45 seats),Owner,Unknown,No defect,Office areas,Undivided Two way,Tangent road with flat terrain,Other,Asphalt roads,Dry,Daylight,Normal,Collision with roadside objects,2,1,Going straight,Unknown,Unknown,Unknown,Unknown,Unknown,Unknown,Not a Pedestrian,Changing lane to the left,Slight Injury
19.67,Sunday,18-30,Male,Junior high school,Employee,1-2yr,Lorry (41?100Q),Owner,Unknown,No defect,Office areas,Undivided Two way,Tangent road with flat terrain,Y Shape,Asphalt roads,Wet or damp,Darkness - lights lit,Normal,Unknown,2,2,Going straight,Pedestrian,Male,31-50,3,Unknown,Unknown,"In carriageway, statioNot a Pedestrianry - not crossing  (standing or playing)",Moving Backward,Slight Injury
19.67,Sunday,18-30,Male,Junior high school,Employee,1-2yr,Public (> 45 seats),Governmental,Below 1yr,Unknown,Residential areas,Two-way (divided with broken lines road marking),Tangent road with flat terrain,Y Shape,Asphalt roads,Wet or damp,Darkness - lights lit,Normal,Vehicle with vehicle collision,2,2,Going straight,Driver or rider,Male,31-50,3,Unknown,Unknown,Not a Pedestrian,Driving at high speed,Slight Injury
2.8,Saturday,18-30,Male,Above high school,Owner,2-5yr,Unknown,Owner,Unknown,No defect, Industrial areas,Undivided Two way,Tangent road with flat terrain,Y Shape,Asphalt roads,Dry,Darkness - lights lit,Normal,Unknown,1,1,Going straight,Unknown,Unknown,Unknown,Unknown,Driver,Normal,Not a Pedestrian,Moving Backward,Slight Injury
16.5,Sunday,18-30,Male,Unknown,Unknown,Unknown,Unknown,Owner,Unknown,No defect,Office areas,Undivided Two way,Tangent road with flat terrain,Y Shape,Asphalt roads,Dry,Darkness - lights lit,Normal,Unknown,1,1,Going straight,Pedestrian,Male,Over 51,2,Unknown,Unknown,Not a Pedestrian,No distancing,Slight Injury
22.67,Saturday,18-30,Male,Elementary school,Owner,2-5yr,Automobile,Owner,Unknown,No defect,Other,Undivided Two way,Tangent road with flat terrain,Y Shape,Asphalt roads,Wet or damp,Darkness - lights lit,Raining,Unknown,2,1,Moving Backward,Pedestrian,Female,31-50,3,Unknown,Unknown,Not a Pedestrian,Other,Slight Injury
22.67,Saturday,18-30,Male,Junior high school,Employee,1-2yr,Automobile,Owner,Unknown,Unknown,Other,Two-way (divided with broken lines road marking),Tangent road with flat terrain,Y Shape,Asphalt roads,Wet or damp,Darkness - lights lit,Raining,Vehicle with vehicle collision,2,1,Going straight,Driver or rider,Male,31-50,3,Driver,Normal,Not a Pedestrian,No priority to vehicle,Slight Injury
8.33,Thursday,Unknown,Male,Unknown,Owner,5-10yr,Lorry (41?100Q),Owner,Unknown,No defect,Residential areas,Undivided Two way,Tangent road with flat terrain,Y Shape,Asphalt roads,Wet or damp,Daylight,Raining,Vehicle with vehicle collision,1,1,Going straight,Unknown,Unknown,Unknown,Unknown,Driver,Normal,Not a Pedestrian,Changing lane to the right,Slight Injury
6.78,Friday,18-30,Male,Junior high school,Employee,Below 1yr,Automobile,Owner,Unknown,Unknown,Office areas,Two-way (divided with broken lines road marking),Tangent road with flat terrain,Y Shape,Asphalt roads,Wet or damp,Darkness - lights lit,Normal,Collision with roadside objects,2,1,Moving Backward,Driver or rider,Male,Over 51,3,Driver,Normal,Not a Pedestrian,Other,Slight Injury
6.78,Friday,31-50,Male,Junior high school,Employee,2-5yr,Public (13?45 seats),Organization,Unknown,Unknown,Residential areas,other,Tangent road with flat terrain,Y Shape,Asphalt roads,Wet or damp,Darkness - lights lit,Normal,Collision with roadside objects,2,1,Moving Backward,Driver or rider,Female,18-30,3,Driver,Normal,Not a Pedestrian,No distancing,Slight Injury
8.12,Friday,31-50,Male,Junior high school,Employee,5-10yr,Automobile,Owner,Unknown,Unknown,Office areas,Two-way (divided with broken lines road marking),Tangent road with flat terrain,Crossing,Asphalt roads,Dry,Daylight,Normal,Vehicle with vehicle collision,2,1,Going straight,Driver or rider,Male,18-30,3,Unknown,Unknown,Not a Pedestrian,Driving carelessly,Slight Injury
8.12,Friday,31-50,Male,Junior high school,Employee,Above 10yr,Public (> 45 seats),Unknown,Unknown,Unknown, Church areas,Two-way (divided with broken lines road marking),Tangent road with flat terrain,Crossing,Asphalt roads,Dry,Daylight,Normal,Vehicle with vehicle collision,2,1,Turnover,Driver or rider,Male,31-50,3,Driver,Normal,Not a Pedestrian,No distancing,Slight Injury
7.75,Monday,31-50,Male,Elementary school,Employee,2-5yr,Lorry (41?100Q),Organization,5-10yrs,Unknown,Residential areas,Two-way (divided with broken lines road marking),Tangent road with flat terrain,Y Shape,Asphalt roads,Dry,Daylight,Normal,Vehicle with vehicle collision,2,1,Turnover,Pedestrian,Female,31-50,3,Unknown,Unknown,Not a Pedestrian,Moving Backward,Slight Injury
7.75,Monday,31-50,Male,Elementary school,Owner,Above 10yr,Automobile,Owner,Above 10yr,Unknown,School areas,other,Tangent road with flat terrain,Y Shape,Asphalt roads,Dry,Daylight,Normal,Vehicle with vehicle collision,2,1,Going straight,Pedestrian,Female,18-30,3,Unknown,Unknown,Not a Pedestrian,No distancing,Slight Injury
8.67,Monday,Unknown,Male,Junior high school,Employee,1-2yr,Lorry (11?40Q),Owner,5-10yrs,Unknown, Hospital areas,other,Steep grade downward with mountainous terrain,No junction,Asphalt roads,Wet or damp,Daylight,Normal,Vehicle with vehicle collision,1,1,Going straight,Passenger,Male,Under 18,3,Unknown,Unknown,Not a Pedestrian,Moving Backward,Slight Injury
19.57,Monday,31-50,Male,Junior high school,Employee,5-10yr,Public (13?45 seats),Owner,2-5yrs,Unknown,Other,Undivided Two way,Tangent road with flat terrain,No junction,Asphalt roads,Wet or damp,Darkness - lights lit,Normal,Rollover,1,1,Going straight,Unknown,Unknown,Unknown,Unknown,Unknown,Unknown,Not a Pedestrian,No priority to pedestrian,Slight Injury
11.23,Tuesday,Over 51,Male,Junior high school,Employee,2-5yr,Public (13?45 seats),Owner,Unknown,Unknown,School areas,Double carriageway (median),Tangent road with flat terrain,Y Shape,Asphalt roads,Dry,Daylight,Normal,Vehicle with vehicle collision,2,1,Going straight,Passenger,Female,31-50,3,Unknown,Unknown,Not a Pedestrian,Changing lane to the left,Slight Injury
11.23,Tuesday,31-50,Male,Junior high school,Employee,2-5yr,Unknown,Owner,Above 10yr,No defect,Other,other,Tangent road with flat terrain,Y Shape,Asphalt roads,Dry,Daylight,Normal,Collision with roadside objects,2,1,Going straight,Pedestrian,Female,Under 18,3,Driver,Normal,Not a Pedestrian,No distancing,Slight Injury
18.88,Tuesday,31-50,Male,Junior high school,Employee,2-5yr,Long lorry,Owner,5-10yrs,Unknown, Industrial areas,Undivided Two way,Tangent road with flat terrain,Y Shape,Asphalt roads,Dry,Darkness - lights lit,Normal,Collision with pedestrians,1,1,Going straight,Driver or rider,Male,18-30,3,Driver,Normal,Not a Pedestrian,Other,Slight Injury
22.5,Tuesday,18-30,Male,Junior high school,Employee,2-5yr,Lorry (41?100Q),Owner,Unknown,No defect, Church areas,Two-way (divided with broken lines road marking),Tangent road with flat terrain,Y Shape,Asphalt roads,Wet or damp,Darkness - lights lit,Normal,Vehicle with vehicle collision,2,1,Getting off,Unknown,Unknown,Unknown,Unknown,Driver,Normal,Not a Pedestrian,No distancing,Slight Injury
22.5,Tuesday,18-30,Male,Junior high school,Employee,Above 10yr,Lorry (11?40Q),Owner,Unknown,No defect,Office areas,Two-way (divided with broken lines road marking),Tangent road with flat terrain,Y Shape,Asphalt roads,Wet or damp,Darkness - lights lit,Normal,Vehicle with vehicle collision,2,1,Moving Backward,Pedestrian,Female,Over 51,3,Driver,Normal,Not a Pedestrian,No priority to pedestrian,Slight Injury
10.5,Friday,Unknown,Male,Junior high school,Employee,Above 10yr,Lorry (41?100Q),Owner,Unknown,No defect,Other,Two-way (divided with broken lines road marking),Tangent road with flat terrain,No junction,Asphalt roads,Dry,Daylight,Normal,Vehicle with vehicle collision,1,1,Other,Passenger,Male,31-50,3,Driver,Normal,Not a Pedestrian,Moving Backward,Slight Injury
13.48,Wednesday,31-50,Male,Elementary school,Employee,5-10yr,Public (12 seats),Owner,Unknown,No defect,Office areas,Double carriageway (median),Tangent road with flat terrain,Y Shape,Asphalt roads,Dry,Daylight,Normal,Vehicle with vehicle collision,1,1,Going straight,Driver or rider,Female,18-30,2,Driver,Normal,Not a Pedestrian,No priority to pedestrian,Slight Injury
19.38,Wednesday,Over 51,Male,Unknown,Employee,Unknown,Unknown,Owner,Unknown,No defect,Office areas,Double carriageway (median),Tangent road with flat terrain,No junction,Asphalt roads,Dry,Darkness - lights lit,Normal,Vehicle with vehicle collision,2,1,Going straight,Unknown,Unknown,Unknown,Unknown,Unknown,Unknown,Not a Pedestrian,No distancing,Slight Injury
19.38,Wednesday,Over 51,Male,Unknown,Employee,2-5yr,Taxi,Governmental,Unknown,No defect,Office areas,Double carriageway (median),Tangent road with flat terrain,No junction,Asphalt roads,Dry,Darkness - lights lit,Normal,Vehicle with vehicle collision,2,1,Going straight,Driver or rider,Male,31-50,3,Driver,Normal,Not a Pedestrian,No priority to pedestrian,Slight Injury
22.82,Wednesday,Unknown,Male,Elementary school,Employee,5-10yr,Unknown,Owner,Unknown,No defect,Residential areas,Double carriageway (median),Tangent road with flat terrain,Y Shape,Asphalt roads,Wet or damp,Darkness - lights lit,Normal,Vehicle with vehicle collision,2,1,Going straight,Driver or rider,Male,31-50,3,Unknown,Unknown,Not a Pedestrian,Driving carelessly,Slight Injury
22.82,Wednesday,Unknown,Female,Junior high school,Employee,5-10yr,Automobile,Owner,Unknown,No defect,Office areas,Double carriageway (median),Tangent road with flat terrain,Y Shape,Asphalt roads,Wet or damp,Darkness - lights lit,Normal,Collision with roadside objects,2,1,Going straight,Unknown,Unknown,Unknown,Unknown,Driver,Normal,Not a Pedestrian,Getting off the vehicle improperly,Slight Injury
22.1,Thursday,31-50,Male,Junior high school,Employee,Above 10yr,Unknown,Owner,2-5yrs,Unknown,Other,Undivided Two way,Tangent road with flat terrain,Y Shape,Asphalt roads,Dry,Darkness - lights lit,Normal,Rollover,1,2,Going straight,Driver or rider,Male,18-30,3,Driver,Normal,Not a Pedestrian,Driving carelessly,Slight Injury
22.1,Thursday,31-50,Male,Junior high school,Employee,5-10yr,Lorry (41?100Q),Owner,2-5yrs,Unknown, Industrial areas,One way,Unknown,Y Shape,Asphalt roads,Dry,Darkness - lights lit,Normal,Vehicle with vehicle collision,1,2,Going straight,Driver or rider,Male,18-30,3,Driver,Normal,Not a Pedestrian,Changing lane to the left,Slight Injury
13.5,Friday,18-30,Male,Junior high school,Employee,Above 10yr,Automobile,Owner,Unknown,No defect,Other,One way,Tangent road with flat terrain,Y Shape,Asphalt roads,Dry,Daylight,Normal,Collision with pedestrians,2,1,Going straight,Passenger,Male,18-30,3,Unknown,Unknown,Not a Pedestrian,No priority to vehicle,Slight Injury
13.5,Friday,Unknown,Male,Elementary school,Employee,Below 1yr,Automobile,Owner,Unknown,No defect,Office areas,Double carriageway (median),Tangent road with flat terrain,Y Shape,Asphalt roads,Dry,Daylight,Normal,Vehicle with vehicle collision,2,1,Going straight,Unknown,Unknown,Unknown,Unknown,Unknown,Unknown,Not a Pedestrian,Changing lane to the right,Slight Injury
22.0,Friday,18-30,Male,Elementary school,Employee,5-10yr,Lorry (41?100Q),Governmental,Unknown,Unknown,Office areas,Two-way (divided with broken lines road marking),Tangent road with flat terrain,Crossing,Asphalt roads,Dry,Darkness - lights lit,Normal,Vehicle with vehicle collision,2,1,Going straight,Pedestrian,Male,18-30,3,Driver,Normal,Unknown or other,Changing lane to the right,Slight Injury
22.0,Friday,18-30,Male,Elementary school,Employee,1-2yr,Automobile,Governmental,Unknown,No defect,Unknown,Double carriageway (median),Tangent road with flat terrain,Crossing,Asphalt roads,Dry,Darkness - lights lit,Normal,Collision with pedestrians,2,1,Going straight,Unknown,Unknown,Unknown,Unknown,Driver,Normal,Not a Pedestrian,No distancing,Slight Injury
17.88,Friday,31-50,Male,Elementary school,Employee,5-10yr,Automobile,Owner,Unknown,Unknown,Other,Unknown,Tangent road with flat terrain,No junction,Asphalt roads,Dry,Daylight,Normal,Collision with pedestrians,1,1,Going straight,Driver or rider,Male,31-50,3,Driver,Normal,Not a Pedestrian,No distancing,Serious Injury
0.35,Saturday,Over 51,Male,Elementary school,Employee,5-10yr,Automobile,Owner,Unknown,Unknown,Office areas,Double carriageway (median),Tangent road with flat terrain,Crossing,Asphalt roads,Wet or damp,Darkness - lights lit,Raining,Vehicle with vehicle collision,1,1,Moving Backward,Unknown,Unknown,Unknown,Unknown,Driver,Normal,Not a Pedestrian,Changing lane to the left,Slight Injury
22.42,Friday,31-50,Male,Elementary school,Employee,2-5yr,Taxi,Owner,Unknown,No defect,Office areas,Two-way (divided with broken lines road marking),Tangent road with flat terrain,Y Shape,Asphalt roads,Wet or damp,Darkness - lights lit,Raining,Vehicle with vehicle collision,2,4,Going straight,Pedestrian,Female,18-30,2,Self-employed,Normal,Not a Pedestrian,Changing lane to the right,Slight Injury
22.42,Friday,31-50,Male,Elementary school,Employee,5-10yr,Unknown,Owner,5-10yrs,Unknown,Office areas,Undivided Two way,Tangent road with flat terrain,Y Shape,Asphalt roads,Wet or damp,Darkness - lights lit,Raining,Vehicle with vehicle collision,2,4,Moving Backward,Unknown,Unknown,Unknown,Unknown,Self-employed,Normal,Not a Pedestrian,No priority to vehicle,Slight Injury
22.42,Friday,18-30,Male,Unknown,Unknown,5-10yr,Unknown,Owner,Unknown,Unknown,Other,Undivided Two way,Tangent road with flat terrain,Y Shape,Asphalt roads,Wet or damp,Darkness - lights lit,Raining,Vehicle with vehicle collision,2,4,Moving Backward,Driver or rider,Male,31-50,3,Driver,Normal,Not a Pedestrian,Changing lane to the left,Slight Injury
22.42,Friday,18-30,Male,Junior high school,Employee,Above 10yr,Automobile,Owner,Unknown,No defect,Other,Undivided Two way,Tangent road with flat terrain,Y Shape,Asphalt roads,Wet or damp,Darkness - lights lit,Raining,Vehicle with vehicle collision,2,4,Going straight,Driver or rider,Male,18-30,3,Unknown,Unknown,Not a Pedestrian,No priority to vehicle,Slight Injury
12.33,Saturday,Unknown,Male,Junior high school,Employee,Above 10yr,Pick up upto 10Q,Owner,Unknown,No defect,  Recreational areas,Undivided Two way,Tangent road with flat terrain,Y Shape,Asphalt roads,Dry,Daylight,Normal,Collision with roadside objects,2,1,Going straight,Unknown,Unknown,Unknown,Unknown,Unknown,Unknown,Not a Pedestrian,Moving Backward,Slight Injury
12.33,Saturday,18-30,Male,Elementary school,Employee,Below 1yr,Unknown,Owner,Unknown,No defect, Church areas,Undivided Two way,Tangent road with flat terrain,Y Shape,Asphalt roads,Dry,Daylight,Normal,Vehicle with vehicle collision,2,1,Going straight,Driver or rider,Male,18-30,3,Unknown,Unknown,Not a Pedestrian,Turnover,Slight Injury
17.73,Saturday,31-50,Male,Elementary school,Employee,5-10yr,Automobile,Other,1-2yr,No defect,  Recreational areas,other,Tangent road with flat terrain,No junction,Asphalt roads with some distress,Dry,Darkness - lights lit,Normal,Vehicle with vehicle collision,1,1,Going straight,Unknown,Unknown,Unknown,Unknown,Driver,Normal,Not a Pedestrian,No distancing,Slight Injury
18.33,Saturday,31-50,Male,Elementary school,Owner,5-10yr,Public (12 seats),Owner,5-10yrs,No defect,School areas,other,Tangent road with flat terrain,No junction,Asphalt roads,Dry,Darkness - lights lit,Normal,Vehicle with vehicle collision,2,1,Going straight,Unknown,Unknown,Unknown,Unknown,Unknown,Normal,Not a Pedestrian,No distancing,Slight Injury
18.33,Saturday,Unknown,Male,Elementary school,Employee,2-5yr,Public (13?45 seats),Owner,Unknown,No defect, Church areas,Double carriageway (median),Tangent road with flat terrain,No junction,Asphalt roads,Dry,Darkness - lights lit,Normal,Vehicle with vehicle collision,2,1,Going straight,Driver or rider,Male,Under 18,3,Driver,Normal,Not a Pedestrian,No distancing,Slight Injury
22.42,Saturday,31-50,Male,Elementary school,Employee,Above 10yr,Lorry (11?40Q),Owner,5-10yrs,Unknown,Office areas,Unknown,Tangent road with flat terrain,No junction,Asphalt roads,Dry,Darkness - lights lit,Normal,Vehicle with vehicle collision,1,1,Unknown,Passenger,Female,Under 18,3,Driver,Normal,Not a Pedestrian,Changing lane to the left,Slight Injury
0.67,Sunday,31-50,Male,Elementary school,Employee,2-5yr,Stationwagen,Owner,2-5yrs,Unknown,Residential areas,One way,Steep grade downward with mountainous terrain,Crossing,Asphalt roads,Dry,Darkness - lights lit,Normal,Vehicle with vehicle collision,2,2,Other,Unknown,Unknown,Unknown,Unknown,Unknown,Unknown,Not a Pedestrian,No priority to vehicle,Slight Injury
0.67,Sunday,18-30,Male,Junior high school,Employee,Above 10yr,Ridden horse,Owner,Unknown,No defect,Other,One way,Tangent road with flat terrain,Crossing,Gravel roads,Dry,Darkness - lights lit,Normal,Vehicle with vehicle collision,2,2,Going straight,Unknown,Unknown,Unknown,Unknown,Self-employed,Normal,Not a Pedestrian,Driving at high speed,Slight Injury
23.93,Sunday,18-30,Male,Junior high school,Employee,Below 1yr,Stationwagen,Owner,Unknown,No defect,Other,Undivided Two way,Tangent road with flat terrain,Y Shape,Asphalt roads,Dry,Darkness - lights lit,Normal,Vehicle with vehicle collision,3,4,Unknown,Driver or rider,Male,31-50,3,Driver,Normal,Not a Pedestrian,Overtaking,Slight Injury
23.93,Sunday,18-30,Male,Junior high school,Employee,2-5yr,Automobile,Governmental,1-2yr,No defect, Industrial areas,One way,Tangent road with flat terrain,Y Shape,Asphalt roads,Dry,Darkness - lights lit,Normal,Vehicle with vehicle collision,3,4,Overtaking,Unknown,Unknown,Unknown,Unknown,Driver,Normal,Not a Pedestrian,Other,Slight Injury
23.93,Sunday,18-30,Male,Elementary school,Employee,5-10yr,Automobile,Governmental,1-2yr,No defect, Church areas,other,Steep grade downward with mountainous terrain,Y Shape,Asphalt roads,Dry,Darkness - lights lit,Normal,Vehicle with vehicle collision,3,4,Reversing,Driver or rider,Male,18-30,3,Driver,Normal,Not a Pedestrian,Changing lane to the left,Slight Injury
23.93,Sunday,18-30,Male,Elementary school,Employee,5-10yr,Other,Organization,1-2yr,No defect,Office areas,other,Tangent road with flat terrain,Y Shape,Asphalt roads,Dry,Darkness - lights lit,Normal,Vehicle with vehicle collision,3,4,Going straight,Passenger,Female,18-30,3,Driver,Normal,Not a Pedestrian,No priority to pedestrian,Slight Injury
7.75,Thursday,Over 51,Male,Elementary school,Employee,1-2yr,Taxi,Owner,Unknown,No defect,Office areas,Undivided Two way,Tangent road with flat terrain,No junction,Asphalt roads,Dry,Daylight,Normal,Vehicle with vehicle collision,2,1,Other,Unknown,Unknown,Unknown,Unknown,Driver,Normal,Not a Pedestrian,Changing lane to the left,Slight Injury
7.75,Thursday,Unknown,Male,Elementary school,Employee,Unknown,Automobile,Owner,Unknown,Unknown,Office areas,Double carriageway (median),Tangent road with flat terrain,No junction,Asphalt roads,Dry,Daylight,Normal,Vehicle with vehicle collision,2,1,Moving Backward,Driver or rider,Male,18-30,3,Driver,Normal,Not a Pedestrian,No distancing,Slight Injury
0.58,Friday,31-50,Male,Junior high school,Employee,1-2yr,Stationwagen,Owner,2-5yrs,Unknown,Other,Two-way (divided with broken lines road marking),Tangent road with flat terrain,No junction,Asphalt roads,Dry,Darkness - lights lit,Normal,Vehicle with vehicle collision,2,1,Going straight,Driver or rider,Male,Over 51,3,Driver,Normal,Not a Pedestrian,Moving Backward,Slight Injury
0.58,Friday,31-50,Unknown,Unknown,Employee,5-10yr,Automobile,Owner,Unknown,Unknown,Office areas,Undivided Two way,Tangent road with flat terrain,No junction,Asphalt roads,Dry,Darkness - lights lit,Normal,Vehicle with vehicle collision,2,1,Other,Unknown,Unknown,Unknown,Unknown,Driver,Normal,Not a Pedestrian,Changing lane to the left,Slight Injury
19.5,Monday,18-30,Male,Elementary school,Owner,1-2yr,Public (12 seats),Owner,Unknown,No defect,Other,Double carriageway (median),Tangent road with flat terrain,Other,Asphalt roads,Dry,Darkness - lights lit,Normal,Collision with roadside objects,2,1,Moving Backward,Pedestrian,Male,31-50,2,Driver,Normal,Not a Pedestrian,Other,Slight Injury
19.5,Monday,31-50,Male,Junior high school,Employee,5-10yr,Unknown,Owner,Above 10yr,No defect, Industrial areas,Two-way (divided with broken lines road marking),Tangent road with flat terrain,Other,Asphalt roads,Dry,Darkness - lights lit,Normal,Vehicle with vehicle collision,2,1,Going straight,Unknown,Unknown,Unknown,Unknown,Driver,Normal,Not a Pedestrian,No distancing,Slight Injury
14.4,Monday,Over 51,Male,Junior high school,Employee,2-5yr,Automobile,Owner,Unknown,No defect,Residential areas,other,Tangent road with flat terrain,Crossing,Asphalt roads,Dry,Daylight,Normal,Vehicle with vehicle collision,1,1,Going straight,Driver or rider,Male,31-50,3,Unknown,Unknown,Not a Pedestrian,Moving Backward,Slight Injury
18.17,Monday,31-50,Male,Junior high school,Employee,2-5yr,Lorry (41?100Q),Owner,Unknown,No defect,Other,Two-way (divided with broken lines road marking),Tangent road with flat terrain,Crossing,Asphalt roads,Dry,Darkness - lights lit,Normal,Vehicle with vehicle collision,2,1,Moving Backward,Driver or rider,Male,18-30,3,Self-employed,Normal,Not a Pedestrian,No distancing,Slight Injury
18.17,Monday,31-50,Male,Junior high school,Employee,5-10yr,Unknown,Owner,5-10yrs,Unknown,Other,One way,Tangent road with flat terrain,Crossing,Asphalt roads,Dry,Darkness - lights lit,Normal,Vehicle with vehicle collision,2,1,Going straight,Driver or rider,Male,31-50,3,Self-employed,Normal,Not a Pedestrian,Changing lane to the left,Slight Injury
10.07,Friday,18-30,Male,Junior high school,Owner,Below 1yr,Public (> 45 seats),Owner,1-2yr,No defect,Other,One way,Tangent road with flat terrain,Crossing,Asphalt roads,Dry,Daylight,Normal,Collision with pedestrians,2,3,Getting off,Unknown,Unknown,Unknown,Unknown,Driver,Normal,Not a Pedestrian,Changing lane to the left,Slight Injury
10.07,Friday,18-30,Male,High school,Employee,Below 1yr,Unknown,Owner,Unknown,Unknown,Other,Undivided Two way,Tangent road with flat terrain,Crossing,Asphalt roads,Dry,Daylight,Normal,Vehicle with vehicle collision,2,3,Going straight,Driver or rider,Male,18-30,3,Driver,Normal,Not a Pedestrian,No priority to pedestrian,Slight Injury